year,PETwet,PETdry
2.013000000000000000e+03,3.323316216110395516e+01,9.424687892716241322e+01
2.014000000000000000e+03,1.648579724345541035e+05,2.017464571824360064e+03
